,completeness_score,homogeneity_score,k_means_number_of_clusters,silhouette_score
0,0.5586023431662677,0.2597376811522813,2.0,0.4672903926206453
1,0.48436424418801055,0.2954487793039314,3.0,0.4398713624246227
2,0.5516670063545608,0.4545722402509656,4.0,0.2965808239269306
3,0.46364472878397317,0.4425222577108032,5.0,0.30947194466774264
4,0.4446272438464076,0.49553388602925486,6.0,0.3112274283580942
5,0.39594082541769704,0.49344700976838013,7.0,0.28126328460629374
6,0.34995914387526483,0.4840010664548596,8.0,0.2569170886678565
7,0.36137336296294303,0.5243859756220715,9.0,0.2533520398062229
8,0.3432032621328633,0.5236033106333099,10.0,0.2650215771554512
