k_means_number_of_clusters,completeness_score,homogeneity_score,silhouette_score
2.0,0.5586023431662676,0.25973768115228124,0.4672903926206453
3.0,0.48436424418801055,0.2954487793039314,0.4398713624246227
4.0,0.4647649831460745,0.2980690431445739,0.4441489686919842
5.0,0.48716778046559844,0.45072717454125366,0.3008805264226274
6.0,0.4581292754856611,0.4877013759584574,0.3267285401894319
7.0,0.3808479532681487,0.48498004397351846,0.25778423748157175
8.0,0.3786450995526369,0.5141489801286889,0.272114001945192
9.0,0.35491105381639404,0.4973858503258841,0.27278699125848865
10.0,0.3548330735158538,0.5445368231202654,0.2541319858279115
