k_means_number_of_clusters,completeness_score,homogeneity_score,silhouette_score
2.0,0.5586023431662677,0.2597376811522813,0.4672903926206453
3.0,0.48436424418801055,0.2954487793039314,0.4398713624246227
4.0,0.4647649831460745,0.2980690431445739,0.4441489686919842
5.0,0.45804444222757434,0.4352092614522112,0.3106592763769525
6.0,0.42112843537055406,0.4904115613674011,0.2763679784270237
7.0,0.37950640285991777,0.49662897504596154,0.2369580559932884
8.0,0.39667902365814717,0.5187778917846818,0.2869398125820773
9.0,0.35301527377838654,0.5017143761986396,0.2576960115749467
10.0,0.3606634569585978,0.5471671073153804,0.2592958870832691
