k_means_number_of_clusters,completeness_score,homogeneity_score,silhouette_score
2.0,0.5586023431662676,0.25973768115228124,0.4672903926206453
3.0,0.48436424418801055,0.2954487793039314,0.4398713624246227
4.0,0.4729992045707069,0.2998253701144775,0.44502685595958025
5.0,0.45804444222757446,0.4352092614522113,0.3106592763769525
6.0,0.4133191776114654,0.470144154276801,0.30178076597903714
7.0,0.3912766351468714,0.5035688739975229,0.25535818716455
8.0,0.36392117757440057,0.5001392761287847,0.26552682752435874
9.0,0.36076593192342366,0.506882985051774,0.26677824954268525
10.0,0.34975701317352254,0.5202793947648356,0.2564839536313007
