k_means_number_of_clusters,completeness_score,homogeneity_score,silhouette_score
2.0,0.5586023431662677,0.2597376811522813,0.4672903926206453
3.0,0.48436424418801055,0.2954487793039314,0.4398713624246227
4.0,0.47299920457070693,0.2998253701144775,0.44502685595958025
5.0,0.4636447287839732,0.4425222577108032,0.30947194466774264
6.0,0.4192921753047568,0.4868676342110683,0.2805076629539235
7.0,0.3825608624285772,0.4915268965125636,0.2555202979877547
8.0,0.3965026708154426,0.5479907475756681,0.23001037928310106
9.0,0.37127267013900905,0.5221700301253087,0.26441930517180245
10.0,0.3550078986171198,0.5430152482694901,0.25663913620600143
