k_means_number_of_clusters,completeness_score,homogeneity_score,silhouette_score
2.0,0.5586023431662677,0.2597376811522813,0.4672903926206453
3.0,0.48436424418801055,0.2954487793039314,0.4398713624246227
4.0,0.4647649831460744,0.2980690431445739,0.4441489686919842
5.0,0.45804444222757446,0.4352092614522113,0.3106592763769525
6.0,0.44523468033589897,0.48209760439581767,0.3049231543912664
7.0,0.38368760873972696,0.49592197523914433,0.24829472409557127
8.0,0.3630991213101537,0.5005508895904391,0.2635727797396308
9.0,0.35639985191823115,0.5081128417416244,0.2591636353618456
10.0,0.3491784407518783,0.5342063778061917,0.26108942859303064
