k_means_number_of_clusters,completeness_score,homogeneity_score,silhouette_score
2.0,0.5586023431662676,0.25973768115228124,0.4672903926206453
3.0,0.48436424418801055,0.2954487793039314,0.4398713624246227
4.0,0.4573712934225057,0.2916605192271542,0.4448520960487677
5.0,0.45804444222757446,0.4352092614522113,0.3106592763769525
6.0,0.43180706222835435,0.4822899075163171,0.29104353832328295
7.0,0.4310075500523717,0.5236765144262726,0.2797904142913131
8.0,0.3658581514229771,0.48802352859300197,0.2485739981288369
9.0,0.3465390744355814,0.5164534155410955,0.2561160038434835
10.0,0.35369778069446367,0.543110347464216,0.2610441648887792
